<ImportExportXml version="9.2.24034.284" SolutionPackageVersion="9.2" languagecode="1033" generatedBy="CrmLive" xmlns:xsi="http://www.w3.org/2001/XMLSchema-instance">
  <SolutionManifest>
    <UniqueName>ConstructSafePoC</UniqueName>
    <LocalizedNames>
      <LocalizedName description="ConstructSafePoC" languagecode="1033" />
    </LocalizedNames>
    <Descriptions />
    <Version>1.0.0.3</Version>
    <Managed>1</Managed>
    <Publisher>
      <UniqueName>DominikKalab</UniqueName>
      <LocalizedNames>
        <LocalizedName description="Dominik Kalab" languagecode="1033" />
      </LocalizedNames>
      <Descriptions />
      <EMailAddress xsi:nil="true"></EMailAddress>
      <SupportingWebsiteUrl xsi:nil="true"></SupportingWebsiteUrl>
      <CustomizationPrefix>dkl</CustomizationPrefix>
      <CustomizationOptionValuePrefix>77749</CustomizationOptionValuePrefix>
      <Addresses>
        <Address>
          <AddressNumber>1</AddressNumber>
          <AddressTypeCode>1</AddressTypeCode>
          <City xsi:nil="true"></City>
          <County xsi:nil="true"></County>
          <Country xsi:nil="true"></Country>
          <Fax xsi:nil="true"></Fax>
          <FreightTermsCode xsi:nil="true"></FreightTermsCode>
          <ImportSequenceNumber xsi:nil="true"></ImportSequenceNumber>
          <Latitude xsi:nil="true"></Latitude>
          <Line1 xsi:nil="true"></Line1>
          <Line2 xsi:nil="true"></Line2>
          <Line3 xsi:nil="true"></Line3>
          <Longitude xsi:nil="true"></Longitude>
          <Name xsi:nil="true"></Name>
          <PostalCode xsi:nil="true"></PostalCode>
          <PostOfficeBox xsi:nil="true"></PostOfficeBox>
          <PrimaryContactName xsi:nil="true"></PrimaryContactName>
          <ShippingMethodCode>1</ShippingMethodCode>
          <StateOrProvince xsi:nil="true"></StateOrProvince>
          <Telephone1 xsi:nil="true"></Telephone1>
          <Telephone2 xsi:nil="true"></Telephone2>
          <Telephone3 xsi:nil="true"></Telephone3>
          <TimeZoneRuleVersionNumber xsi:nil="true"></TimeZoneRuleVersionNumber>
          <UPSZone xsi:nil="true"></UPSZone>
          <UTCOffset xsi:nil="true"></UTCOffset>
          <UTCConversionTimeZoneCode xsi:nil="true"></UTCConversionTimeZoneCode>
        </Address>
        <Address>
          <AddressNumber>2</AddressNumber>
          <AddressTypeCode>1</AddressTypeCode>
          <City xsi:nil="true"></City>
          <County xsi:nil="true"></County>
          <Country xsi:nil="true"></Country>
          <Fax xsi:nil="true"></Fax>
          <FreightTermsCode xsi:nil="true"></FreightTermsCode>
          <ImportSequenceNumber xsi:nil="true"></ImportSequenceNumber>
          <Latitude xsi:nil="true"></Latitude>
          <Line1 xsi:nil="true"></Line1>
          <Line2 xsi:nil="true"></Line2>
          <Line3 xsi:nil="true"></Line3>
          <Longitude xsi:nil="true"></Longitude>
          <Name xsi:nil="true"></Name>
          <PostalCode xsi:nil="true"></PostalCode>
          <PostOfficeBox xsi:nil="true"></PostOfficeBox>
          <PrimaryContactName xsi:nil="true"></PrimaryContactName>
          <ShippingMethodCode>1</ShippingMethodCode>
          <StateOrProvince xsi:nil="true"></StateOrProvince>
          <Telephone1 xsi:nil="true"></Telephone1>
          <Telephone2 xsi:nil="true"></Telephone2>
          <Telephone3 xsi:nil="true"></Telephone3>
          <TimeZoneRuleVersionNumber xsi:nil="true"></TimeZoneRuleVersionNumber>
          <UPSZone xsi:nil="true"></UPSZone>
          <UTCOffset xsi:nil="true"></UTCOffset>
          <UTCConversionTimeZoneCode xsi:nil="true"></UTCConversionTimeZoneCode>
        </Address>
      </Addresses>
    </Publisher>
    <RootComponents>
      <RootComponent type="1" schemaName="dkl_building" behavior="0" />
      <RootComponent type="1" schemaName="dkl_correctiveaction" behavior="0" />
      <RootComponent type="1" schemaName="dkl_evidence" behavior="0" />
      <RootComponent type="1" schemaName="dkl_nonconformity" behavior="0" />
      <RootComponent type="9" schemaName="dkl_correctiveactiontype" behavior="0" />
      <RootComponent type="9" schemaName="dkl_nonconformitytype" behavior="0" />
      <RootComponent type="9" schemaName="dkl_severity" behavior="0" />
      <RootComponent type="29" id="{3cb85c50-72fe-ee11-a1fe-0022489b7e5e}" behavior="0" />
      <RootComponent type="29" id="{78c6565f-affd-ee11-a1fe-0022489b7e5e}" behavior="0" />
      <RootComponent type="29" id="{892676bc-c5fd-ee11-a1fe-0022489b7e5e}" behavior="0" />
      <RootComponent type="29" id="{b28c60df-76fe-ee11-a1fe-0022489b7e5e}" behavior="0" />
      <RootComponent type="29" id="{bc5d3690-e9fc-ee11-a1fe-000d3add03ec}" behavior="0" />
      <RootComponent type="29" id="{cc93ae4b-bbfd-ee11-a1fe-0022489b7e5e}" behavior="0" />
      <RootComponent type="61" schemaName="dkl_/Icons/Building.svg" behavior="0" />
      <RootComponent type="61" schemaName="dkl_/Icons/CorrectiveAction.svg" behavior="0" />
      <RootComponent type="61" schemaName="dkl_/Icons/Evidence.svg" behavior="0" />
      <RootComponent type="61" schemaName="dkl_/Icons/Non-Conformity.svg" behavior="0" />
      <RootComponent type="61" schemaName="dkl_/Scripts/Building/generateBuildingReport.js" behavior="0" />
      <RootComponent type="61" schemaName="dkl_/Scripts/generalFunctions.js" behavior="0" />
      <RootComponent type="61" schemaName="dkl_/Scripts/NonConformity/copyNonConformity.js" behavior="0" />
      <RootComponent type="61" schemaName="dkl_/Scripts/NonConformity/formscript.js" behavior="0" />
      <RootComponent type="62" schemaName="dkl_NonConformitiesManagment" behavior="0" />
      <RootComponent type="80" schemaName="dkl_NonConformitiesManagment" behavior="0" />
      <RootComponent type="91" id="{718f6b66-777c-4aea-815f-eceae3ce3cb9}" schemaName="ConstructSafeActions, Version=1.0.0.0, Culture=neutral, PublicKeyToken=7a34e1953a110cca" behavior="0" />
      <RootComponent type="91" id="{361fcff1-aed6-4a5b-afdc-fe9ed95645fc}" schemaName="ConstructSafePlugins, Version=1.0.0.0, Culture=neutral, PublicKeyToken=79f81b139cbdf8ea" behavior="0" />
      <RootComponent type="92" id="{ee0ad889-af00-ef11-9f89-0022489b7e5e}" behavior="0" />
      <RootComponent type="300" schemaName="dkl_nonconformitiesmanagmentcavas_d925e" behavior="0" />
      <RootComponent type="372" id="{d40534ac-969c-4ec5-bd94-1910ea857973}" schemaName="dkl_5Fproducts" behavior="0" />
    </RootComponents>
    <MissingDependencies>
      <MissingDependency>
        <Required type="1" schemaName="appnotification" displayName="Notification" solution="AppNotifications (10.0.0.16)" />
        <Dependent type="29" displayName="On Upsert Non-Conformity - Send Notification" id="{bc5d3690-e9fc-ee11-a1fe-000d3add03ec}" />
      </MissingDependency>
      <MissingDependency>
        <Required type="61" schemaName="msdyn_/Images/AppModule_Default_Icon.png" displayName="msdyn_/Images/AppModule_Default_Icon.png" solution="AppModuleWebResources (2.5)" />
        <Dependent type="80" schemaName="dkl_NonConformitiesManagment" displayName="Non-Conformities Managment" />
      </MissingDependency>
      <MissingDependency>
        <Required type="SettingDefinition" displayName="AllowNotificationsEarlyAccess" solution="AppNotifications (10.0.0.16)" id.uniquename="AllowNotificationsEarlyAccess" />
        <Dependent type="AppSetting" displayName="parentappmoduleid.uniquename=dkl_NonConformitiesManagment,settingdefinitionid.uniquename=AllowNotificationsEarlyAccess" id.parentappmoduleid.uniquename="dkl_NonConformitiesManagment" id.settingdefinitionid.uniquename="AllowNotificationsEarlyAccess" />
      </MissingDependency>
      <MissingDependency>
        <Required type="SettingDefinition" displayName="AppChannel" solution="msdyn_AppFrameworkInfraExtensions (1.0.0.8)" id.uniquename="AppChannel" />
        <Dependent type="AppSetting" displayName="parentappmoduleid.uniquename=dkl_NonConformitiesManagment,settingdefinitionid.uniquename=AppChannel" id.parentappmoduleid.uniquename="dkl_NonConformitiesManagment" id.settingdefinitionid.uniquename="AppChannel" />
      </MissingDependency>
    </MissingDependencies>
  </SolutionManifest>
</ImportExportXml>