<environmentvariabledefinition schemaname="dkl_FlowErrorRecievers">
  <defaultvalue>dominik.kalab@gmail.com</defaultvalue>
  <description default="Semicolon separated list of recievers of errors from flows.">
    <label description="Semicolon separated list of recievers of errors from flows." languagecode="1033" />
  </description>
  <displayname default="flowErrorRecievers">
    <label description="flowErrorRecievers" languagecode="1033" />
  </displayname>
  <introducedversion>1.0.0.0</introducedversion>
  <iscustomizable>1</iscustomizable>
  <isrequired>0</isrequired>
  <secretstore>0</secretstore>
  <type>100000000</type>
</environmentvariabledefinition>