<appaction uniquename="dkl__GenerateReport!9755254e571f45e7b6cde73179971dfb!dkl_NonConformitiesManagment!dkl_building!0">
  <appmoduleid>
    <uniquename>dkl_NonConformitiesManagment</uniquename>
  </appmoduleid>
  <buttonlabeltext default="Generate Report">
    <label description="Generate Report" languagecode="1033" />
  </buttonlabeltext>
  <context>1</context>
  <contextentity>
    <logicalname>dkl_building</logicalname>
  </contextentity>
  <contextvalue>dkl_building</contextvalue>
  <fonticon>ConvertKnowledgeArticle</fonticon>
  <hidden>0</hidden>
  <iscustomizable>1</iscustomizable>
  <isdisabled>0</isdisabled>
  <isgrouptitlehidden>0</isgrouptitlehidden>
  <location>0</location>
  <name>GenerateReport!9755254e571f45e7b6cde73179971dfb</name>
  <onclickeventjavascriptfunctionname>generateBuildingReport</onclickeventjavascriptfunctionname>
  <onclickeventjavascriptparameters>[{"type":5}]</onclickeventjavascriptparameters>
  <onclickeventjavascriptwebresourceid>
    <webresourceid>5217af78-c7fd-ee11-a1fe-0022489b7e5e</webresourceid>
  </onclickeventjavascriptwebresourceid>
  <onclickeventtype>2</onclickeventtype>
  <origin>0</origin>
  <sequence>100100015.0000000000</sequence>
  <statecode>0</statecode>
  <statuscode>1</statuscode>
  <type>0</type>
  <visibilitytype>0</visibilitytype>
</appaction>