{
  "properties": {
    "connectionReferences": {
      "shared_office365": {
        "runtimeSource": "embedded",
        "connection": {
          "connectionReferenceLogicalName": "dkl_Outlook"
        },
        "api": {
          "name": "shared_office365"
        }
      }
    },
    "definition": {
      "$schema": "https://schema.management.azure.com/providers/Microsoft.Logic/schemas/2016-06-01/workflowdefinition.json#",
      "contentVersion": "1.0.0.0",
      "parameters": {
        "$connections": {
          "defaultValue": {},
          "type": "Object"
        },
        "$authentication": {
          "defaultValue": {},
          "type": "SecureObject"
        },
        "flowErrorRecievers (dkl_FlowErrorRecievers)": {
          "defaultValue": "dominik.kalab@gmail.com",
          "type": "String",
          "metadata": {
            "schemaName": "dkl_FlowErrorRecievers",
            "description": "Semicolon separated list of recievers of errors from flows."
          }
        }
      },
      "triggers": {
        "manual": {
          "metadata": {
            "operationMetadataId": "52223275-f039-4e3e-8ac6-e6393deffddd"
          },
          "type": "Request",
          "kind": "Button",
          "inputs": {
            "schema": {
              "type": "object",
              "properties": {
                "text": {
                  "title": "Workflow",
                  "type": "string",
                  "x-ms-dynamically-added": true,
                  "description": "Please enter your input",
                  "x-ms-content-hint": "TEXT"
                },
                "text_1": {
                  "title": "Result",
                  "type": "string",
                  "x-ms-dynamically-added": true,
                  "description": "Please enter your input",
                  "x-ms-content-hint": "TEXT"
                }
              },
              "required": [
                "text",
                "text_1"
              ]
            }
          }
        }
      },
      "actions": {
        "Try": {
          "actions": {
            "Compose_Result": {
              "runAfter": {},
              "metadata": {
                "operationMetadataId": "cb336723-5de5-4aee-b61d-679ebc47d66a"
              },
              "type": "Compose",
              "inputs": "@variables('Result')"
            },
            "Parse_Result": {
              "runAfter": {
                "Compose_Result": [
                  "Succeeded"
                ]
              },
              "metadata": {
                "operationMetadataId": "39397eb9-287a-4c7c-a9b8-942b46ff707a"
              },
              "type": "ParseJson",
              "inputs": {
                "content": "@outputs('Compose_Result')",
                "schema": {
                  "type": "array",
                  "items": {
                    "type": "object",
                    "properties": {
                      "name": {
                        "type": "string"
                      },
                      "startTime": {
                        "type": "string"
                      },
                      "endTime": {
                        "type": "string"
                      },
                      "trackingId": {
                        "type": "string"
                      },
                      "clientTrackingId": {
                        "type": "string"
                      },
                      "clientKeywords": {
                        "type": "array",
                        "items": {
                          "type": "string"
                        }
                      },
                      "code": {
                        "type": "string"
                      },
                      "status": {
                        "type": "string"
                      },
                      "error": {
                        "type": "object",
                        "properties": {
                          "code": {
                            "type": "string"
                          },
                          "message": {
                            "type": "string"
                          }
                        }
                      }
                    }
                  }
                }
              }
            },
            "Filter_Error": {
              "runAfter": {
                "Parse_Result": [
                  "Succeeded"
                ]
              },
              "metadata": {
                "operationMetadataId": "0ee32bb8-357d-45fb-b7a1-e97dfa5886b2"
              },
              "type": "Query",
              "inputs": {
                "from": "@body('Parse_Result')",
                "where": "@equals(item()?['status'], 'Failed')"
              }
            },
            "Respond_to_a_PowerApp_or_flow": {
              "runAfter": {
                "Send_an_email_(V2)": [
                  "Succeeded"
                ]
              },
              "metadata": {
                "operationMetadataId": "86938813-3975-4435-837b-77f5a61d5e75"
              },
              "type": "Response",
              "kind": "PowerApp",
              "inputs": {
                "statusCode": 200,
                "body": {
                  "success": "@{true}"
                },
                "schema": {
                  "type": "object",
                  "properties": {
                    "success": {
                      "title": "Success",
                      "x-ms-dynamically-added": true,
                      "type": "boolean"
                    }
                  }
                }
              }
            },
            "Send_an_email_(V2)": {
              "runAfter": {
                "Compose_FlowRunURL": [
                  "Succeeded"
                ]
              },
              "metadata": {
                "operationMetadataId": "c16584e9-0d36-426e-b6a7-42fc300b2ff7"
              },
              "type": "OpenApiConnection",
              "inputs": {
                "host": {
                  "connectionName": "shared_office365",
                  "operationId": "SendEmailV2",
                  "apiId": "/providers/Microsoft.PowerApps/apis/shared_office365"
                },
                "parameters": {
                  "emailMessage/To": "@parameters('flowErrorRecievers (dkl_FlowErrorRecievers)')",
                  "emailMessage/Subject": "Flow Error - @{outputs('Compose_Workflow')['tags/flowDisplayName']}",
                  "emailMessage/Body": "<p>There has been an error in the flow @{outputs('Compose_Workflow')['tags/flowDisplayName']} on step @{body('Filter_Error')[0]['name']}<br>\n<br>\nMessage: @{body('Filter_Error')[0]['outputs/body/error/message']}<br>\n<br>\n<a href=\"@{outputs('Compose_FlowRunURL')}\">Flow Run</a>&nbsp;</p>",
                  "emailMessage/Importance": "Normal"
                },
                "authentication": {
                  "type": "Raw",
                  "value": "@json(decodeBase64(triggerOutputs().headers['X-MS-APIM-Tokens']))['$ConnectionKey']"
                }
              }
            },
            "Compose_FlowRunURL": {
              "runAfter": {
                "Compose_Workflow": [
                  "Succeeded"
                ]
              },
              "metadata": {
                "operationMetadataId": "267a9b81-15f3-4fdd-a996-03b62fcaaadc"
              },
              "type": "Compose",
              "inputs": "@concat('https://make.powerautomate.com/environments/',outputs('Compose_Workflow')['tags']['environmentName'],'/flows/', outputs('Compose_Workflow')['name'],'/runs/',outputs('Compose_Workflow')['run']['name'])"
            },
            "Compose_Workflow": {
              "runAfter": {
                "Filter_Error": [
                  "Succeeded"
                ]
              },
              "metadata": {
                "operationMetadataId": "bdc10ad8-1546-4b76-aab1-fce59383a5ca"
              },
              "type": "Compose",
              "inputs": "@variables('Workflow')"
            }
          },
          "runAfter": {
            "Initialize_Workflow": [
              "Succeeded"
            ]
          },
          "metadata": {
            "operationMetadataId": "6e7392fd-9d18-48bd-b031-9fb9791756fe"
          },
          "type": "Scope"
        },
        "Initialize_Result": {
          "runAfter": {},
          "metadata": {
            "operationMetadataId": "59576aa5-6f81-46ec-ae1e-8168a779443e"
          },
          "type": "InitializeVariable",
          "inputs": {
            "variables": [
              {
                "name": "Result",
                "type": "array",
                "value": "@json(triggerBody()['text_1'])"
              }
            ]
          }
        },
        "Catch": {
          "actions": {
            "Respond_to_a_PowerApp_or_flow_2": {
              "runAfter": {},
              "metadata": {
                "operationMetadataId": "98e6d0fe-3e53-4ddb-83c9-d8c47b91365e"
              },
              "type": "Response",
              "kind": "PowerApp",
              "inputs": {
                "statusCode": 200,
                "body": {
                  "success": "@{false}"
                },
                "schema": {
                  "type": "object",
                  "properties": {
                    "success": {
                      "title": "Success",
                      "x-ms-dynamically-added": true,
                      "type": "boolean"
                    }
                  }
                }
              }
            },
            "Terminate": {
              "runAfter": {
                "Respond_to_a_PowerApp_or_flow_2": [
                  "Succeeded"
                ]
              },
              "metadata": {
                "operationMetadataId": "5aaeefe2-81c9-4f07-85f4-0822d67cafed"
              },
              "type": "Terminate",
              "inputs": {
                "runStatus": "Failed"
              }
            }
          },
          "runAfter": {
            "Try": [
              "Failed"
            ]
          },
          "metadata": {
            "operationMetadataId": "b60a929f-bc0e-4c93-b78f-f8d746385434"
          },
          "type": "Scope"
        },
        "Initialize_Workflow": {
          "runAfter": {
            "Initialize_Result": [
              "Succeeded"
            ]
          },
          "metadata": {
            "operationMetadataId": "87545022-e318-491c-862b-13c80999954a"
          },
          "type": "InitializeVariable",
          "inputs": {
            "variables": [
              {
                "name": "Workflow",
                "type": "object",
                "value": "@json(triggerBody()['text'])"
              }
            ]
          }
        }
      },
      "outputs": {}
    },
    "templateName": ""
  },
  "schemaVersion": "1.0.0.0"
}