{
  "properties": {
    "connectionReferences": {
      "shared_commondataserviceforapps": {
        "runtimeSource": "embedded",
        "connection": {
          "connectionReferenceLogicalName": "dkl_sharedcommondataserviceforapps_3315d"
        },
        "api": {
          "name": "shared_commondataserviceforapps"
        }
      }
    },
    "definition": {
      "$schema": "https://schema.management.azure.com/providers/Microsoft.Logic/schemas/2016-06-01/workflowdefinition.json#",
      "contentVersion": "1.0.0.0",
      "parameters": {
        "$connections": {
          "defaultValue": {},
          "type": "Object"
        },
        "$authentication": {
          "defaultValue": {},
          "type": "SecureObject"
        },
        "uriHost (dkl_uriHost)": {
          "defaultValue": "constructsafe.crm4.dynamics.com",
          "type": "String",
          "metadata": {
            "schemaName": "dkl_uriHost"
          }
        }
      },
      "triggers": {
        "Non_Conformity_Upsert": {
          "metadata": {
            "operationMetadataId": "5aad238c-e3ac-40fd-a4f7-49ad517e9434"
          },
          "type": "OpenApiConnectionWebhook",
          "inputs": {
            "host": {
              "connectionName": "shared_commondataserviceforapps",
              "operationId": "SubscribeWebhookTrigger",
              "apiId": "/providers/Microsoft.PowerApps/apis/shared_commondataserviceforapps"
            },
            "parameters": {
              "subscriptionRequest/message": 4,
              "subscriptionRequest/entityname": "dkl_nonconformity",
              "subscriptionRequest/scope": 4,
              "subscriptionRequest/filteringattributes": "dkl_name,ownerid"
            },
            "authentication": "@parameters('$authentication')"
          }
        }
      },
      "actions": {
        "Try": {
          "actions": {
            "Get_App": {
              "runAfter": {},
              "metadata": {
                "operationMetadataId": "13423c14-b630-499f-8200-90dcd73df9af"
              },
              "type": "OpenApiConnection",
              "inputs": {
                "host": {
                  "connectionName": "shared_commondataserviceforapps",
                  "operationId": "ListRecords",
                  "apiId": "/providers/Microsoft.PowerApps/apis/shared_commondataserviceforapps"
                },
                "parameters": {
                  "entityName": "appmodules",
                  "$filter": "uniquename eq 'dkl_NonConformitesManagment'"
                },
                "authentication": "@parameters('$authentication')"
              }
            },
            "Create_Notification": {
              "runAfter": {
                "Set_NotificationBody": [
                  "Succeeded"
                ]
              },
              "metadata": {
                "operationMetadataId": "b6fda04e-bb5b-4ceb-8fec-e554f6d2d899"
              },
              "type": "OpenApiConnection",
              "inputs": {
                "host": {
                  "connectionName": "shared_commondataserviceforapps",
                  "operationId": "CreateRecord",
                  "apiId": "/providers/Microsoft.PowerApps/apis/shared_commondataserviceforapps"
                },
                "parameters": {
                  "entityName": "appnotifications",
                  "item/title": "@variables('NotificationTitle')",
                  "item/body": "@variables('NotificationBody')",
                  "item/data": "{   \n \"actions\":[\n        {\n            \"title\":\"Open Record\",\n            \"data\":{\n                \"url\": \"https://@{parameters('uriHost (dkl_uriHost)')}/main.aspx?appid=@{first(body('Get_App')?['value'])?['appmoduleid']}&pagetype=entityrecord&etn=dkl_nonconformity&id=@{triggerOutputs()?['body/dkl_nonconformityid']}\",\n                \"navigationTarget\":\"newWindow\"\n            }\n        }\n    ]\n}",
                  "item/ownerid@odata.bind": "@{triggerOutputs()?['body/_ownerid_value@Microsoft.Dynamics.CRM.lookuplogicalname']}s(@{triggerOutputs()?['body/_ownerid_value']})"
                },
                "authentication": "@parameters('$authentication')"
              }
            },
            "Set_NotificationTitle": {
              "runAfter": {
                "Get_App": [
                  "Succeeded"
                ]
              },
              "metadata": {
                "operationMetadataId": "dcc2f339-365c-4662-af27-b531e2365707"
              },
              "type": "SetVariable",
              "inputs": {
                "name": "NotificationTitle",
                "value": "@{if(equals(triggerOutputs()?['body/SdkMessage'], 'Create'),'Non-Conformity Reported', 'Non-Conformity Updated')}"
              }
            },
            "Set_NotificationBody": {
              "runAfter": {
                "Set_NotificationTitle": [
                  "Succeeded"
                ]
              },
              "metadata": {
                "operationMetadataId": "1d4eb40c-1619-4089-ac0f-402956e79aa4"
              },
              "type": "SetVariable",
              "inputs": {
                "name": "NotificationBody",
                "value": "@{if(equals(triggerOutputs()?['body/SdkMessage'], 'Create'),concat('New non-conformity ', triggerOutputs()?['body/dkl_name'],' has been reported. Please go check the record.'), concat('Non-conformity ', triggerOutputs()?['body/dkl_name'],' has been updated. Please go check the record.'))}"
              }
            }
          },
          "runAfter": {
            "Initialize_variable_Errors": [
              "Succeeded"
            ]
          },
          "metadata": {
            "operationMetadataId": "dc59887e-0dcd-4845-943c-eeebd44b1418"
          },
          "type": "Scope"
        },
        "Catch": {
          "actions": {
            "Run_a_Child_Flow": {
              "runAfter": {},
              "metadata": {
                "operationMetadataId": "0709873d-d7f2-4777-a6d8-dbd396816731"
              },
              "type": "Workflow",
              "inputs": {
                "host": {
                  "workflowReferenceName": "78c6565f-affd-ee11-a1fe-0022489b7e5e"
                },
                "body": {
                  "text": "@workflow()?['tags']?['flowDisplayName']",
                  "text_1": "@string(result('Try'))"
                }
              }
            },
            "Terminate": {
              "runAfter": {
                "Run_a_Child_Flow": [
                  "Succeeded"
                ]
              },
              "metadata": {
                "operationMetadataId": "a5feee8c-8d80-4d21-8570-8398ff470c81"
              },
              "type": "Terminate",
              "inputs": {
                "runStatus": "Failed"
              }
            }
          },
          "runAfter": {
            "Try": [
              "Failed"
            ]
          },
          "metadata": {
            "operationMetadataId": "d575b9df-56a5-46c1-87ea-2090377ed554"
          },
          "type": "Scope"
        },
        "Initialize_NotificationTitle": {
          "runAfter": {},
          "metadata": {
            "operationMetadataId": "9f839161-ded7-4820-b9e3-ea211a650bca"
          },
          "type": "InitializeVariable",
          "inputs": {
            "variables": [
              {
                "name": "NotificationTitle",
                "type": "string"
              }
            ]
          }
        },
        "Initialize_Notification_Body": {
          "runAfter": {
            "Initialize_NotificationTitle": [
              "Succeeded"
            ]
          },
          "metadata": {
            "operationMetadataId": "97369223-f80f-47b3-86bd-2ef1dbef33f6"
          },
          "type": "InitializeVariable",
          "inputs": {
            "variables": [
              {
                "name": "NotificationBody",
                "type": "string"
              }
            ]
          }
        },
        "Initialize_variable_Errors": {
          "runAfter": {
            "Initialize_Notification_Body": [
              "Succeeded"
            ]
          },
          "metadata": {
            "operationMetadataId": "4f690c82-e5a5-4a4e-9f88-f58a24e28817"
          },
          "type": "InitializeVariable",
          "inputs": {
            "variables": [
              {
                "name": "ErrorList",
                "type": "string"
              }
            ]
          }
        }
      },
      "outputs": {}
    },
    "templateName": ""
  },
  "schemaVersion": "1.0.0.0"
}