<appaction uniquename="dkl__Copy!aef40742cd394c648b85a3f0f86ab0c9!dkl_NonConformitiesManagment!dkl_nonconformity!0">
  <appmoduleid>
    <uniquename>dkl_NonConformitiesManagment</uniquename>
  </appmoduleid>
  <buttonlabeltext default="Copy">
    <label description="Copy" languagecode="1033" />
  </buttonlabeltext>
  <context>1</context>
  <contextentity>
    <logicalname>dkl_nonconformity</logicalname>
  </contextentity>
  <contextvalue>dkl_nonconformity</contextvalue>
  <fonticon>Copy</fonticon>
  <hidden>0</hidden>
  <iscustomizable>1</iscustomizable>
  <isdisabled>0</isdisabled>
  <isgrouptitlehidden>0</isgrouptitlehidden>
  <location>0</location>
  <name>Copy!aef40742cd394c648b85a3f0f86ab0c9</name>
  <onclickeventjavascriptfunctionname>copyNonConformity</onclickeventjavascriptfunctionname>
  <onclickeventjavascriptparameters>[{"type":5}]</onclickeventjavascriptparameters>
  <onclickeventjavascriptwebresourceid>
    <webresourceid>e26e7979-77fe-ee11-a1fe-0022489b7e5e</webresourceid>
  </onclickeventjavascriptwebresourceid>
  <onclickeventtype>2</onclickeventtype>
  <origin>0</origin>
  <sequence>100100015.0000000000</sequence>
  <statecode>0</statecode>
  <statuscode>1</statuscode>
  <type>0</type>
  <visibilitytype>0</visibilitytype>
</appaction>