{"__Version":"0.1","App":"69439696-68b4-42a2-9069-d276e3379306","Test_7F478737223C4B69":"982902dd-68a2-40b3-9d9f-d2f1b6dbbcda","Host":"8d6795a1-4d04-4f2d-8fe5-695820c561c5","Buildings_Screen":"27856987-4cac-411e-9f1e-54087fd2f377","Header_Rectangle_Buildings":"91fbdcd1-d5ec-4f73-966a-8d348ca96f42","Buildings_Gallery":"88b8d732-f50a-4d2e-ac3d-1118022e8932","galleryTemplate1":"7fe413ac-c51c-4f52-a3d5-7fae318c4f6a","Selection_Rectangle_Buildings_Gallery":"c2e559dd-a279-4c98-bfd4-3677bebc5dab","Name_Buildings_Gallery":"ebd46eba-f056-4d14-aa97-8d5229b4db16","Select_Icon_Buildings_Gallery":"2664ab90-4f61-4836-980d-1c660ed247e8","Location_Buildings_Gallery":"b6f25c27-89f9-426d-8d41-042a3ff22121","Description_Buildings_Gallery":"c4843439-f2c6-4551-a890-ac1955d16799","Settings":"fbe2c294-49b5-4bc5-a6ba-5044fcdc4d84","DefaultValues":"733f9e8c-1a34-47e8-94b6-521596e9ab5b","Overlay":"396a3bac-f601-4baf-8c0e-685e72ab7fc6","MainColor":"4500e46c-cb01-4902-bc43-c76a3b4c7fec","NonConformities_Screen":"700aa714-4e05-4a04-99bd-e3a3d6707bec","Header_Rectangle_Nonconformities":"d03be334-ccc3-40de-871e-a140d7878bdf","Back_Button_Nonconformities":"772c1e86-2660-414a-be21-8ad7578dfc45","NonConformities_Gallery":"ce3d8a0d-1391-4d46-8ed6-23502d3bae1f","galleryTemplate2":"11c45a4d-3f61-482f-b736-ae1bd875d98b","Rectangle6":"fe5b1a5a-c2d8-4943-8fcb-4a66c4c90ac0","Title6":"071490b2-fe2a-4077-bc42-f71170e18ad7","Body2_2":"105a2d43-1f19-4d39-8ea2-0b99b599d3b6","Body2_4":"97827190-f8e9-464b-bbd2-d14ec5c7ae52","NextArrow6":"e60abdfe-a3a7-484d-aa26-cdc10b18334e","Body2":"c546a6ed-042d-40e2-97c7-86194aa7f3ae","Body2_1":"0803a028-ebae-42ba-8944-6cee2ecabd40","Body2_3":"82c3692c-c688-4b10-9e5a-ff39e9c0fd9a","Separator6":"317595c8-e423-4796-b2e1-580315e7fb8b","Header_NonConformities":"313b2834-bb82-498c-9652-390c7bdf762c","CorrectiveActions_Screen":"5617a641-ae12-4542-b3a1-e10f964499b4","Header_Rectangle_CorrectiveAction":"d6918a6a-e3ca-431f-914e-b61548ecc45f","Container1":"6a6c0fe1-b33e-4eb7-a96c-be78504d9c31","Overlay_CorrectiveAction_Screen":"a1603536-dc06-4be7-a5ec-085f93c2d2e8","Background_Form_Corrective_Actions":"ca745f3b-6559-4acb-895b-7b3cdb4f4ef8","Subject_Label_Form_CorrectiveActions":"d070760e-c5b4-4382-97f6-08e007d30f6b","Subject_Input_Form_CorrectiveActions":"0cb11510-c9b5-49df-9795-b2b660ad69a4","Type_Label_Form_CorrectiveActions":"213435ec-be1d-4dfb-8080-ce71554b834b","Type_Dropdown_Form_CorrectiveActions":"39c9fdbe-e236-4990-9bf0-c8c4437e34fd","Owner_Combobox_Form_CorrectiveActions":"43bb67cf-ea27-46fe-9f49-9c9da47d8af3","Owner_Label_Form_CorrectiveActions":"ce899af5-6886-4747-92c3-1e87d3eafc2b","Description_Label_Form_CorrectiveActions":"a8e10f2e-d13d-494b-8354-eae3ed217c60","Description_Input_Form_CorrectiveActions":"8b5e70ac-e386-4674-8cbe-5072f3389c34","Cancel_Button_Form_CorrectiveActions":"d0c4d8f7-54fc-4386-9371-a152f1701345","Create_Button_Form_CorrectiveActions":"846e7409-744e-4569-ac98-89a556fc5fb6","Update_Button_Form_CorrectiveActions":"73bed750-2932-4c12-972e-3ba5f146b3f4","Back_Icon_Header_CorrectiveActions":"3073224e-0dde-4af2-abbb-cd9f9a301d9b","New_Icon_Header_CorrectiveActions":"e40cb456-e323-4006-bbfc-5b4746aed76e","CorrectiveActions_Gallery":"34baa4a5-f8ac-4313-8031-3e3ab37329e8","galleryTemplate3":"966b9e2f-6b58-4692-a195-d81e7275ccd6","Background_CorrectiveActions_Gallery":"9c4e865f-c50f-4903-bc8d-94e969039979","Edit_Icon_CorrectiveActions_Gallery":"52c0e6fe-bc4f-4083-ba00-0a55e28dd2af","Subject_CorrectiveActions_Gallery":"f19d8aae-7a45-4b85-ba4c-7b333fac10aa","StartDate_CorrectiveActions_Gallery":"0290bb0d-842e-4ca6-a101-3b7a5d0ac9b2","EndDate_CorrectiveActions_Gallery":"2a7cbf12-a0d3-4925-ae14-9f93e10b5b35","Type_CorrectiveActions_Gallery":"e6478ddd-8347-4b84-a709-817349e9bed7","Description_CorrectiveActions_Gallery":"31ebf354-7185-498c-905b-7a5a93dc62fb","Create_Button_Form_CorrectiveActions_1":"57aaefb6-cc56-45cf-a225-87638e05d982","Header_CorrectiveActions":"ef2a45b5-badd-4491-96cf-c22141dce3a2"}