<environmentvariabledefinition schemaname="dkl_nonConformityAutonumber">
  <defaultvalue>0</defaultvalue>
  <description default="Current Value of the autonumber ">
    <label description="Current Value of the autonumber " languagecode="1033" />
  </description>
  <displayname default="nonConformityAutonumber">
    <label description="nonConformityAutonumber" languagecode="1033" />
  </displayname>
  <introducedversion>1.0.0.0</introducedversion>
  <iscustomizable>1</iscustomizable>
  <isrequired>0</isrequired>
  <secretstore>0</secretstore>
  <type>100000001</type>
</environmentvariabledefinition>