<ImportExportXml xmlns:xsi="http://www.w3.org/2001/XMLSchema-instance">
  <Entities></Entities>
  <Roles></Roles>
  <Workflows></Workflows>
  <FieldSecurityProfiles></FieldSecurityProfiles>
  <Templates />
  <EntityMaps />
  <EntityRelationships />
  <OrganizationSettings />
  <optionsets />
  <CustomControls />
  <EntityDataProviders />
  <Connectors>
    <Connector>
      <connectorid>d40534ac-969c-4ec5-bd94-1910ea857973</connectorid>
      <description></description>
      <displayname>Products</displayname>
      <iconbrandcolor>#007ee5</iconbrandcolor>
      <name>dkl_5Fproducts</name>
      <connectortype>1</connectortype>
      <openapidefinition>/Connector/dkl_5Fproducts_openapidefinition.json</openapidefinition>
      <connectionparameters>/Connector/dkl_5Fproducts_connectionparameters.json</connectionparameters>
      <policytemplateinstances>/Connector/dkl_5Fproducts_policytemplateinstances.json</policytemplateinstances>
      <iconblob>/Connector/dkl_5Fproducts_iconblob.Png</iconblob>
    </Connector>
  </Connectors>
  <Languages>
    <Language>1033</Language>
  </Languages>
</ImportExportXml>