{
  "properties": {
    "connectionReferences": {
      "shared_commondataserviceforapps": {
        "runtimeSource": "embedded",
        "connection": {
          "connectionReferenceLogicalName": "dkl_sharedcommondataserviceforapps_3315d"
        },
        "api": {
          "name": "shared_commondataserviceforapps"
        }
      },
      "shared_wordonlinebusiness_1": {
        "runtimeSource": "embedded",
        "connection": {
          "connectionReferenceLogicalName": "dkl_sharedwordonlinebusiness_88404"
        },
        "api": {
          "name": "shared_wordonlinebusiness"
        }
      },
      "shared_onedriveforbusiness": {
        "runtimeSource": "embedded",
        "connection": {
          "connectionReferenceLogicalName": "dkl_sharedonedriveforbusiness_aa54b"
        },
        "api": {
          "name": "shared_onedriveforbusiness"
        }
      },
      "shared_office365": {
        "runtimeSource": "embedded",
        "connection": {
          "connectionReferenceLogicalName": "dkl_Outlook"
        },
        "api": {
          "name": "shared_office365"
        }
      }
    },
    "definition": {
      "$schema": "https://schema.management.azure.com/providers/Microsoft.Logic/schemas/2016-06-01/workflowdefinition.json#",
      "contentVersion": "1.0.0.0",
      "parameters": {
        "$connections": {
          "defaultValue": {},
          "type": "Object"
        },
        "$authentication": {
          "defaultValue": {},
          "type": "SecureObject"
        }
      },
      "triggers": {
        "When_an_action_is_performed": {
          "metadata": {
            "operationMetadataId": "b6080470-e216-40fe-9583-e2101fcef0f1"
          },
          "type": "OpenApiConnectionWebhook",
          "inputs": {
            "host": {
              "connectionName": "shared_commondataserviceforapps",
              "operationId": "BusinessEventsTrigger",
              "apiId": "/providers/Microsoft.PowerApps/apis/shared_commondataserviceforapps"
            },
            "parameters": {
              "catalog": "allcatalog",
              "category": "allcategory",
              "subscriptionRequest/entityname": "dkl_building",
              "subscriptionRequest/sdkmessagename": "dkl_BuildingReport"
            },
            "authentication": "@parameters('$authentication')"
          }
        }
      },
      "actions": {
        "Try": {
          "actions": {
            "Get_Building": {
              "runAfter": {},
              "metadata": {
                "operationMetadataId": "1ab929c8-1289-421f-86aa-c809453a6bde"
              },
              "type": "OpenApiConnection",
              "inputs": {
                "host": {
                  "connectionName": "shared_commondataserviceforapps",
                  "operationId": "GetItemWithOrganization",
                  "apiId": "/providers/Microsoft.PowerApps/apis/shared_commondataserviceforapps"
                },
                "parameters": {
                  "organization": "current",
                  "entityName": "dkl_buildings",
                  "recordId": "@triggerOutputs()?['body/InputParameters/target/Id']"
                },
                "authentication": "@parameters('$authentication')"
              }
            },
            "Get_User": {
              "runAfter": {
                "Get_Building": [
                  "Succeeded"
                ]
              },
              "metadata": {
                "operationMetadataId": "3c446bf0-efe8-47e8-9785-4ef10d71e131"
              },
              "type": "OpenApiConnection",
              "inputs": {
                "host": {
                  "connectionName": "shared_commondataserviceforapps",
                  "operationId": "GetItemWithOrganization",
                  "apiId": "/providers/Microsoft.PowerApps/apis/shared_commondataserviceforapps"
                },
                "parameters": {
                  "organization": "current",
                  "entityName": "systemusers",
                  "recordId": "@triggerOutputs()?['body/RunAsSystemUserId']",
                  "$select": "personalemailaddress"
                },
                "authentication": "@parameters('$authentication')"
              }
            },
            "List_rows": {
              "runAfter": {
                "Get_User": [
                  "Succeeded"
                ]
              },
              "metadata": {
                "operationMetadataId": "18b01ade-f037-4965-8300-74ae10954a10"
              },
              "type": "OpenApiConnection",
              "inputs": {
                "host": {
                  "connectionName": "shared_commondataserviceforapps",
                  "operationId": "ListRecords",
                  "apiId": "/providers/Microsoft.PowerApps/apis/shared_commondataserviceforapps"
                },
                "parameters": {
                  "entityName": "dkl_nonconformities",
                  "$filter": "_dkl_buildingid_value eq '@{outputs('Get_Building')?['body/dkl_buildingid']}'"
                },
                "authentication": "@parameters('$authentication')"
              }
            },
            "Non-Conformities_Select": {
              "runAfter": {
                "List_rows": [
                  "Succeeded"
                ]
              },
              "metadata": {
                "operationMetadataId": "248df74a-1f39-4f8a-8492-12d056667d04"
              },
              "type": "Select",
              "inputs": {
                "from": "@outputs('List_rows')?['body/value']",
                "select": {
                  "nonConformityName": "@item()?['dkl_name']",
                  "nonConformityType": "@item()?['dkl_type@OData.Community.Display.V1.FormattedValue']",
                  "nonConformitySeverity": "@item()?['dkl_severity@OData.Community.Display.V1.FormattedValue']",
                  "nonConformityDescription": "@item()?['dkl_description']",
                  "nonConformityOwner": "@item()?['_ownerid_value@OData.Community.Display.V1.FormattedValue']"
                }
              }
            },
            "Populate_a_Microsoft_Word_template": {
              "runAfter": {
                "Non-Conformities_Select": [
                  "Succeeded"
                ]
              },
              "metadata": {
                "01DDN5FQJAQRXWAJD6ABEYPG5JSOJ34PLS": "/BuildingTemplate.docx",
                "operationMetadataId": "c8444e10-a4ce-492f-8668-3580d056cc0c"
              },
              "type": "OpenApiConnection",
              "inputs": {
                "host": {
                  "connectionName": "shared_wordonlinebusiness_1",
                  "operationId": "CreateFileItem",
                  "apiId": "/providers/Microsoft.PowerApps/apis/shared_wordonlinebusiness"
                },
                "parameters": {
                  "source": "me",
                  "drive": "b!SsO6TRGQBUiEtx87hONDDU_TqjgztN1CrLRtA-uvvGQ5ehwuLs6QSpiyeiJ0E_YW",
                  "file": "01DDN5FQJAQRXWAJD6ABEYPG5JSOJ34PLS",
                  "dynamicFileSchema/482510494": "@body('Non-Conformities_Select')",
                  "dynamicFileSchema/1052495378": "@outputs('Get_Building')?['body/dkl_location']",
                  "dynamicFileSchema/-538134039": "@outputs('Get_Building')?['body/dkl_name']",
                  "dynamicFileSchema/-1018702157": "@outputs('Get_Building')?['body/_ownerid_value@OData.Community.Display.V1.FormattedValue']"
                },
                "authentication": "@parameters('$authentication')"
              }
            },
            "Create_file": {
              "runAfter": {
                "Populate_a_Microsoft_Word_template": [
                  "Succeeded"
                ]
              },
              "metadata": {
                "operationMetadataId": "159280b0-69d1-474d-9ae6-0cdc83b2ef8a"
              },
              "type": "OpenApiConnection",
              "inputs": {
                "host": {
                  "connectionName": "shared_onedriveforbusiness",
                  "operationId": "CreateFile",
                  "apiId": "/providers/Microsoft.PowerApps/apis/shared_onedriveforbusiness"
                },
                "parameters": {
                  "folderPath": "/",
                  "name": "BuildingExport-@{utcNow()}.docx",
                  "body": "@body('Populate_a_Microsoft_Word_template')"
                },
                "authentication": "@parameters('$authentication')"
              },
              "runtimeConfiguration": {
                "contentTransfer": {
                  "transferMode": "Chunked"
                }
              }
            },
            "Convert_Word_Document_to_PDF": {
              "runAfter": {
                "Create_file": [
                  "Succeeded"
                ]
              },
              "metadata": {
                "operationMetadataId": "c382052f-5d47-476f-b906-f4dfaa8a8382"
              },
              "type": "OpenApiConnection",
              "inputs": {
                "host": {
                  "connectionName": "shared_wordonlinebusiness_1",
                  "operationId": "GetFilePDF",
                  "apiId": "/providers/Microsoft.PowerApps/apis/shared_wordonlinebusiness"
                },
                "parameters": {
                  "source": "me",
                  "drive": "b!SsO6TRGQBUiEtx87hONDDU_TqjgztN1CrLRtA-uvvGQ5ehwuLs6QSpiyeiJ0E_YW",
                  "file": "@outputs('Create_file')?['body/Name']"
                },
                "authentication": "@parameters('$authentication')"
              }
            },
            "Send_an_email_(V2)": {
              "runAfter": {
                "Convert_Word_Document_to_PDF": [
                  "Succeeded"
                ]
              },
              "metadata": {
                "operationMetadataId": "ebe87ba4-04c3-4b21-bafb-8dfb641de700"
              },
              "type": "OpenApiConnection",
              "inputs": {
                "host": {
                  "connectionName": "shared_office365",
                  "operationId": "SendEmailV2",
                  "apiId": "/providers/Microsoft.PowerApps/apis/shared_office365"
                },
                "parameters": {
                  "emailMessage/To": "@outputs('Get_User')?['body/personalemailaddress']",
                  "emailMessage/Subject": "test export",
                  "emailMessage/Body": "<p>test building</p>",
                  "emailMessage/Attachments": [
                    {
                      "Name": "BuildingExport.pdf",
                      "ContentBytes": "@body('Convert_Word_Document_to_PDF')"
                    }
                  ],
                  "emailMessage/Importance": "Normal"
                },
                "authentication": "@parameters('$authentication')"
              }
            }
          },
          "runAfter": {},
          "metadata": {
            "operationMetadataId": "84d53e97-710a-44ef-b9a2-e7660a55b3a4"
          },
          "type": "Scope"
        },
        "Catch": {
          "actions": {
            "Run_a_Child_Flow": {
              "runAfter": {},
              "metadata": {
                "operationMetadataId": "1bc58f76-963b-415a-969e-e09aa64a0abb"
              },
              "type": "Workflow",
              "inputs": {
                "host": {
                  "workflowReferenceName": "78c6565f-affd-ee11-a1fe-0022489b7e5e"
                },
                "body": {
                  "text": "@string(workflow())",
                  "text_1": "@string(result('Try'))"
                }
              }
            },
            "Terminate": {
              "runAfter": {
                "Run_a_Child_Flow": [
                  "Succeeded"
                ]
              },
              "metadata": {
                "operationMetadataId": "e92068dd-7427-4f9e-bb56-fcc1b5c43e2a"
              },
              "type": "Terminate",
              "inputs": {
                "runStatus": "Failed"
              }
            }
          },
          "runAfter": {
            "Try": [
              "Failed"
            ]
          },
          "metadata": {
            "operationMetadataId": "94cd1c63-2822-4a62-999a-b90f5ffc7b75"
          },
          "type": "Scope"
        }
      }
    },
    "templateName": ""
  },
  "schemaVersion": "1.0.0.0"
}