{
  "properties": {
    "connectionReferences": {
      "shared_dkl-5fproducts-5fb4a077dee3789ffc": {
        "runtimeSource": "invoker",
        "connection": {
          "connectionReferenceLogicalName": "dkl_shareddkl5fproducts5fb4a077dee3789ffc_14e97"
        },
        "api": {
          "name": "shared_dkl-5fproducts-5fb4a077dee3789ffc",
          "logicalName": "dkl_5Fproducts"
        }
      }
    },
    "definition": {
      "$schema": "https://schema.management.azure.com/providers/Microsoft.Logic/schemas/2016-06-01/workflowdefinition.json#",
      "contentVersion": "1.0.0.0",
      "parameters": {
        "$connections": {
          "defaultValue": {},
          "type": "Object"
        },
        "$authentication": {
          "defaultValue": {},
          "type": "SecureObject"
        }
      },
      "triggers": {
        "manual": {
          "metadata": {
            "operationMetadataId": "ea9bc998-1901-422e-a3af-490f8e0b0e1c"
          },
          "type": "Request",
          "kind": "Button",
          "inputs": {
            "schema": {
              "type": "object",
              "properties": {},
              "required": []
            }
          }
        }
      },
      "actions": {
        "GetAllProducts": {
          "runAfter": {},
          "metadata": {
            "operationMetadataId": "b6255db7-1c8e-47ac-80b7-00e7ed06af00"
          },
          "type": "OpenApiConnection",
          "inputs": {
            "host": {
              "connectionName": "shared_dkl-5fproducts-5fb4a077dee3789ffc",
              "operationId": "GetAllProducts",
              "apiId": ""
            },
            "parameters": {},
            "authentication": {
              "type": "Raw",
              "value": "@json(decodeBase64(triggerOutputs().headers['X-MS-APIM-Tokens']))['$ConnectionKey']"
            }
          }
        }
      }
    },
    "templateName": ""
  },
  "schemaVersion": "1.0.0.0"
}